data_release,event_id,claim_id,group_id,ucdp_group_id,group_name,claim,ucdp_conflict_sgv_1_id,ucdp_conflict_sgv_2_id,ucdp_conflict_osv_1_id,ucdp_conflict_osv_2_id,ucdp_dyad_sgv_1_id,ucdp_dyad_sgv_2_id,ucdp_dyad_osv_1_id,ucdp_dyad_osv_2_id,status,admin0_txt,attack_date
02-Oct-20,-2146485992,1654573645,1412607573,234,Islamic State,Suspected,13604,-1,-99,-99,14620,-1,-99,-99,Confirmed Suicide,None,#VALUE!
02-Oct-20,-2146060571,1056271259,1412607573,234,Islamic State,Suspected,13604,-1,-99,-99,14620,-1,-99,-99,Possible - Too Few Sources,None,#VALUE!
02-Oct-20,-2145067987,310895199,40934540,-99,Unknown Group,Unclaimed,-99,-99,-99,-99,-99,-99,-99,-99,Confirmed Suicide,None,#VALUE!
02-Oct-20,-2145029986,835223548,1088854842,303,Taliban (IEA),Claimed,333,-1,-99,-99,735,-1,-99,-99,Possible - Conflicting Reports,None,#VALUE!
02-Oct-20,-2143985988,-422951263,860804023,-99,Al-Jaysh al-Islami li Tahrir al Amaken al Muqaddasa,Claimed,299,-1,13299,-1,11973,-1,14200,-1,Confirmed Suicide,None,03-10-2012
02-Oct-20,-2143985988,-1904261746,1117872197,1170,Jabhat an-Nuṣrah li-Ahl ash-Shām,Claimed,299,-1,13299,-1,11973,-1,14200,-1,Confirmed Suicide,None,03-10-2012
02-Oct-20,-2143771747,-664618868,40934540,-99,Unknown Group,Unclaimed,-99,-99,-99,-99,-99,-99,-99,-99,Confirmed Suicide,None,#VALUE!
02-Oct-20,-2143582969,-1427955420,40934540,-99,Unknown Group,Unclaimed,-99,-99,-99,-99,-99,-99,-99,-99,Confirmed Suicide,None,#VALUE!
02-Oct-20,-2143145947,938132267,40934540,-99,Unknown Group,Unclaimed,-99,-99,-99,-99,-99,-99,-99,-99,Confirmed Suicide,None,12-08-2008
02-Oct-20,-2142462005,464213745,1088854842,303,Taliban (IEA),Suspected,333,-1,514,-1,735,-1,981,-1,Possible - Too Few Sources,None,#VALUE!
02-Oct-20,-2141430050,-1619875965,-1098742477,234,Islamic State of Iraq and Syria,Claimed,259,-1,-99,-99,524,-1,-99,-99,Confirmed Suicide,None,02-04-2014
02-Oct-20,-2141326225,1338952757,1088854842,303,Taliban (IEA),Claimed,333,-1,-99,-99,735,-1,-99,-99,Confirmed Suicide,None,02-07-2014
02-Oct-20,-2137497052,-627467027,529849632,1051,Boko Haram,Suspected,297,-1,1850,-1,640,-1,2332,-1,Confirmed Suicide,None,12-11-2014
02-Oct-20,-2136994520,1737660764,40934540,-99,Unknown Group,Unclaimed,-99,-99,-99,-99,-99,-99,-99,-99,Confirmed Suicide,None,#VALUE!
02-Oct-20,-2136019429,327057747,1088854842,303,Taliban (IEA),Claimed,333,-1,-99,-99,735,-1,-99,-99,Confirmed Suicide,None,#VALUE!
02-Oct-20,-2135674336,-1103829682,-1098742477,234,Islamic State of Iraq and Syria,Claimed,259,-1,-99,-99,524,-1,-99,-99,Possible - Conflicting Reports,None,#VALUE!
02-Oct-20,-2134868585,-1489233507,1412607573,234,Islamic State,Suspected,259,-1,-99,-99,524,-1,-99,-99,Possible - Too Few Sources,None,04-11-2018
02-Oct-20,-2134654500,-674212943,-2020935154,208,Palestinian Islamic Jihad,Claimed,234,-1,500,-1,478,-1,967,-1,Confirmed Suicide,None,#VALUE!
02-Oct-20,-2134123971,1878701944,1540577378,234,Islamic State - Khorasan Province,Claimed,13637,-1,-99,-99,14320,-1,-99,-99,Confirmed Suicide,None,#VALUE!
02-Oct-20,-2133030244,-1248632278,1088854842,303,Taliban (IEA),Claimed,333,-1,-99,-99,735,-1,-99,-99,Confirmed Suicide,None,07-06-2008
02-Oct-20,-2132998127,2101891239,1412607573,234,Islamic State,Claimed,13604,-1,-99,-99,14620,-1,-99,-99,Confirmed Suicide,None,08-10-2014
02-Oct-20,-2131469763,289224568,40934540,-99,Unknown Group,Unclaimed,-99,-99,-99,-99,-99,-99,-99,-99,Confirmed Suicide,None,#VALUE!
02-Oct-20,-2129452379,-282608293,1412607573,234,Islamic State,Suspected,259,-1,-99,-99,524,-1,-99,-99,Confirmed Suicide,None,12-05-2016
02-Oct-20,-2128930437,557787169,1088854842,303,Taliban (IEA),Claimed,333,-1,-99,-99,735,-1,-99,-99,Confirmed Suicide,None,#VALUE!
02-Oct-20,-2128770069,2041749521,40934540,-99,Unknown Group,Unclaimed,-99,-99,-99,-99,-99,-99,-99,-99,Confirmed Suicide,None,08-01-2015
02-Oct-20,-2127773380,-1081804342,40934540,-99,Unknown Group,Unclaimed,-99,-99,-99,-99,-99,-99,-99,-99,Confirmed Suicide,None,#VALUE!
02-Oct-20,-2126866627,-1403804749,1412607573,234,Islamic State,Suspected,259,-1,-99,-99,524,-1,-99,-99,Confirmed Suicide,None,#VALUE!
02-Oct-20,-2125993008,998331281,1088854842,303,Taliban (IEA),Claimed,333,-1,-99,-99,735,-1,-99,-99,Confirmed Suicide,None,#VALUE!
02-Oct-20,-2125820374,-1389131672,2004803133,717,Al-Shabaab,Claimed,337,-1,-99,-99,750,-1,-99,-99,Confirmed Suicide,None,#VALUE!
02-Oct-20,-2125582007,-1260409701,1219865689,234,Islamic State of Iraq,Claimed,259,-1,-99,-99,524,-1,-99,-99,Confirmed Suicide,None,03-02-2013
02-Oct-20,-2125274181,828177505,40934540,-99,Unknown Group,Unclaimed,-99,-99,-99,-99,-99,-99,-99,-99,Confirmed Suicide,None,#VALUE!
02-Oct-20,-2124818877,-279862965,40934540,-99,Unknown Group,Unclaimed,-99,-99,-99,-99,-99,-99,-99,-99,Possible - Too Few Sources,None,#VALUE!
02-Oct-20,-2123020174,145648532,-2061437918,211,Al-Aqsa Martyrs Brigade,Claimed,234,-1,502,500,480,-1,969,967,Confirmed Suicide,None,04-11-2002
02-Oct-20,-2123020174,1514062600,-2020935154,208,Palestinian Islamic Jihad,Claimed,234,-1,502,500,480,-1,969,967,Confirmed Suicide,None,04-11-2002
02-Oct-20,-2122594453,937850980,40934540,-99,Unknown Group,Unclaimed,-99,-99,-99,-99,-99,-99,-99,-99,Confirmed Suicide,None,01-11-2007
02-Oct-20,-2122248392,-942406708,40934540,-99,Unknown Group,Unclaimed,-99,-99,-99,-99,-99,-99,-99,-99,Possible - Too Few Sources,None,09-01-2007
02-Oct-20,-2122063189,785771292,40934540,-99,Unknown Group,Unclaimed,-99,-99,-99,-99,-99,-99,-99,-99,Confirmed Suicide,None,09-04-2019
02-Oct-20,-2121629020,-1467781820,-744776018,209,Hamas,Claimed,234,-1,-99,-99,477,-1,-99,-99,Confirmed Suicide,None,#VALUE!
02-Oct-20,-2121563861,-283545113,1412607573,234,Islamic State,Claimed,259,-1,-99,-99,524,-1,-99,-99,Confirmed Suicide,None,#VALUE!
02-Oct-20,-2120898580,-1839864362,1117872197,1170,Jabhat an-Nuṣrah li-Ahl ash-Shām,Claimed,299,-1,13299,-1,11973,-1,14200,-1,Confirmed Suicide,None,#VALUE!
02-Oct-20,-2120300926,1979598184,40934540,-99,Unknown Group,Unclaimed,-99,-99,-99,-99,-99,-99,-99,-99,Confirmed Suicide,None,03-05-2012
02-Oct-20,-2120112039,206441960,1412607573,234,Islamic State,Suspected,13604,-1,-99,-99,14620,-1,-99,-99,Confirmed Suicide,None,#VALUE!
02-Oct-20,-2117600753,1312485536,40934540,-99,Unknown Group,Unclaimed,-99,-99,-99,-99,-99,-99,-99,-99,Confirmed Suicide,None,01-01-2011
02-Oct-20,-2117415090,1275182636,1486680168,234,Islamic State Yemen,Claimed,13645,-1,-99,-99,14609,-1,-99,-99,Confirmed Suicide,None,#VALUE!
02-Oct-20,-2116822737,351420149,40934540,-99,Unknown Group,Unclaimed,-99,-99,-99,-99,-99,-99,-99,-99,Confirmed Suicide,None,#VALUE!
02-Oct-20,-2116483285,-73429679,1681174382,356,Tehrik-i-Taliban Pakistan,Claimed,404,-1,-99,-99,857,-1,-99,-99,Confirmed Suicide,None,11-11-2010
02-Oct-20,-2114294757,509222604,1219865689,234,Islamic State of Iraq,Claimed,259,-1,-99,-99,524,-1,-99,-99,Confirmed Suicide,None,#VALUE!
02-Oct-20,-2113977479,54368847,40934540,-99,Unknown Group,Unclaimed,-99,-99,-99,-99,-99,-99,-99,-99,Confirmed Suicide,None,#VALUE!
02-Oct-20,-2113883132,-1129571795,1088854842,303,Taliban (IEA),Claimed,333,-1,-99,-99,735,-1,-99,-99,Confirmed Suicide,None,#VALUE!
02-Oct-20,-2113649386,710822196,40934540,-99,Unknown Group,Unclaimed,-99,-99,-99,-99,-99,-99,-99,-99,Confirmed Suicide,None,04-08-2017
02-Oct-20,-2113533302,312531912,-1098742477,234,Islamic State of Iraq and Syria,Claimed,259,-1,-99,-99,524,-1,-99,-99,Confirmed Suicide,None,#VALUE!
02-Oct-20,-2108866671,-207530969,1412607573,234,Islamic State,Claimed,259,-1,506,-1,524,-1,973,-1,Possible - Too Few Sources,None,#VALUE!
02-Oct-20,-2108773937,1525358637,2004803133,717,Al-Shabaab,Claimed,337,-1,-99,-99,750,-1,-99,-99,Confirmed Suicide,None,10-10-2007
02-Oct-20,-2108091409,-1074142170,1088854842,303,Taliban (IEA),Claimed,333,-1,-99,-99,735,-1,-99,-99,Confirmed Suicide,None,#VALUE!
02-Oct-20,-2108018583,1536441568,714434431,5554,Ahrar al-Sham,Suspected,299,-1,-99,-99,11973,-1,-99,-99,Confirmed Suicide,None,#VALUE!
02-Oct-20,-2106875803,-617385701,40934540,-99,Unknown Group,Unclaimed,-99,-99,-99,-99,-99,-99,-99,-99,Confirmed Suicide,None,08-09-2008
02-Oct-20,-2105951685,-375174258,1681174382,356,Tehrik-i-Taliban Pakistan,Claimed,404,-1,-99,-99,857,-1,-99,-99,Confirmed Suicide,None,#VALUE!
02-Oct-20,-2105747852,966324674,1681174382,356,Tehrik-i-Taliban Pakistan,Claimed,404,-1,-99,-99,857,-1,-99,-99,Confirmed Suicide,None,04-04-2009
02-Oct-20,-2105618551,209351988,1412607573,234,Islamic State,Suspected,259,-1,-99,-99,524,-1,-99,-99,Possible - Too Few Sources,None,06-04-2016
02-Oct-20,-2105544268,145555861,1088854842,303,Taliban (IEA),Claimed,333,-1,-99,-99,735,-1,-99,-99,Confirmed Suicide,None,#VALUE!
02-Oct-20,-2105261224,1516830997,40934540,-99,Unknown Group,Unclaimed,-99,-99,-99,-99,-99,-99,-99,-99,Confirmed Suicide,None,02-12-2017
02-Oct-20,-2104938427,1133983008,40934540,-99,Unknown Group,Unclaimed,-99,-99,-99,-99,-99,-99,-99,-99,Confirmed Suicide,None,04-12-2008
02-Oct-20,-2104427674,-61265916,2033412617,1051,Boko Haram (Shekau Faction),Suspected,297,-1,1850,-1,640,-1,2332,-1,Confirmed Suicide,None,07-06-2017
02-Oct-20,-2104075238,1969246662,1088854842,303,Taliban (IEA),Claimed,333,-1,-99,-99,735,-1,-99,-99,Confirmed Suicide,None,07-07-2019
02-Oct-20,-2103085903,-310047161,40934540,-99,Unknown Group,Unclaimed,-99,-99,-99,-99,-99,-99,-99,-99,Possible - Conflicting Reports,None,#VALUE!
02-Oct-20,-2103028799,1336750719,40934540,-99,Unknown Group,Unclaimed,-99,-99,-99,-99,-99,-99,-99,-99,Confirmed Suicide,None,#VALUE!
02-Oct-20,-2102203019,1890436267,40934540,-99,Unknown Group,Unclaimed,-99,-99,-99,-99,-99,-99,-99,-99,Confirmed Suicide,None,#VALUE!
02-Oct-20,-2101445564,-1337635595,-744776018,209,Hamas,Claimed,234,-1,501,500,477,478,968,967,Confirmed Suicide,None,#VALUE!
02-Oct-20,-2101445564,-2142884212,-2020935154,208,Palestinian Islamic Jihad,Claimed,234,-1,501,500,477,478,968,967,Confirmed Suicide,None,#VALUE!
02-Oct-20,-2100709530,53097345,2004803133,717,Al-Shabaab,Claimed,337,-1,-99,-99,750,-1,-99,-99,Confirmed Suicide,None,03-06-2007
02-Oct-20,-2100543043,79783214,-744776018,209,Hamas,Claimed,234,-1,501,-1,477,-1,968,-1,Confirmed Suicide,None,#VALUE!
02-Oct-20,-2099835195,275096992,40934540,-99,Unknown Group,Unclaimed,-99,-99,-99,-99,-99,-99,-99,-99,Confirmed Suicide,None,#VALUE!
02-Oct-20,-2098869386,-838800965,1412607573,234,Islamic State,Claimed,259,-1,506,-1,524,-1,973,-1,Possible - Too Few Sources,None,05-09-2015
02-Oct-20,-2098849014,-2026807224,1540577378,234,Islamic State - Khorasan Province,Claimed,13637,-1,-99,-99,14320,-1,-99,-99,Confirmed Suicide,None,#VALUE!
02-Oct-20,-2098747131,1571695196,1088854842,303,Taliban (IEA),Claimed,333,-1,-99,-99,735,-1,-99,-99,Confirmed Suicide,None,#VALUE!
02-Oct-20,-2097996479,-1587127467,40934540,-99,Unknown Group,Unclaimed,-99,-99,-99,-99,-99,-99,-99,-99,Confirmed Suicide,None,#VALUE!
02-Oct-20,-2097887051,721949163,852230391,234,Al-Qaeda in Iraq,Claimed,259,-1,-99,-99,524,-1,-99,-99,Confirmed Suicide,None,#VALUE!
02-Oct-20,-2097669240,-590209144,-1396026348,4158,Fatah al-Islam,Suspected,234,-1,-99,-99,476,-1,-99,-99,Confirmed Suicide,None,#VALUE!
02-Oct-20,-2097645099,-40997904,40934540,-99,Unknown Group,Unclaimed,-99,-99,-99,-99,-99,-99,-99,-99,Confirmed Suicide,None,#VALUE!
02-Oct-20,-2096686104,1515970331,40934540,-99,Unknown Group,Unclaimed,-99,-99,-99,-99,-99,-99,-99,-99,Confirmed Suicide,None,09-01-2014
02-Oct-20,-2096630011,-2037044512,40934540,-99,Unknown Group,Unclaimed,-99,-99,-99,-99,-99,-99,-99,-99,Confirmed Suicide,None,#VALUE!
02-Oct-20,-2094117472,-1997419085,40934540,-99,Unknown Group,Unclaimed,-99,-99,-99,-99,-99,-99,-99,-99,Confirmed Suicide,None,#VALUE!
02-Oct-20,-2093236630,-327077208,40934540,-99,Unknown Group,Unclaimed,-99,-99,-99,-99,-99,-99,-99,-99,Confirmed Suicide,None,#VALUE!
02-Oct-20,-2092949258,-1622079468,1088854842,303,Taliban (IEA),Claimed,333,-1,-99,-99,735,-1,-99,-99,Confirmed Suicide,None,#VALUE!
02-Oct-20,-2092550677,104861575,40934540,-99,Unknown Group,Unclaimed,-99,-99,-99,-99,-99,-99,-99,-99,Possible - Conflicting Reports,None,#VALUE!
02-Oct-20,-2091801788,-1019677574,40934540,-99,Unknown Group,Unclaimed,-99,-99,-99,-99,-99,-99,-99,-99,Possible - Too Few Sources,None,05-08-2010
02-Oct-20,-2091313813,-1878190144,40934540,-99,Unknown Group,Unclaimed,-99,-99,-99,-99,-99,-99,-99,-99,Confirmed Suicide,None,10-02-2004
02-Oct-20,-2090307727,1649641223,40934540,-99,Unknown Group,Unclaimed,-99,-99,-99,-99,-99,-99,-99,-99,Confirmed Suicide,None,07-10-2015
02-Oct-20,-2089089357,1369013344,852230391,234,Al-Qaeda in Iraq,Claimed,259,-1,-99,-99,524,-1,-99,-99,Confirmed Suicide,None,#VALUE!
02-Oct-20,-2089086643,-1244033140,40934540,-99,Unknown Group,Unclaimed,-99,-99,-99,-99,-99,-99,-99,-99,Possible - Too Few Sources,None,11-04-2008
02-Oct-20,-2089067064,-1588487882,1088854842,303,Taliban (IEA),Claimed,333,-1,-99,-99,735,-1,-99,-99,Confirmed Suicide,None,02-07-2010
02-Oct-20,-2088834352,-902099586,2033412617,1051,Boko Haram (Shekau Faction),Suspected,297,-1,1850,-1,640,-1,2332,-1,Confirmed Suicide,None,10-04-2017
02-Oct-20,-2088282966,-1648260577,1302305005,352,Riyadus Salikhiin,Suspected,401,-1,-99,-99,852,-1,-99,-99,Confirmed Suicide,None,09-04-2010
02-Oct-20,-2086717701,1873183137,40934540,-99,Unknown Group,Unclaimed,-99,-99,-99,-99,-99,-99,-99,-99,Possible - Too Few Sources,None,#VALUE!
02-Oct-20,-2086103794,-1699778513,1846264550,234,Jama'at Al-Tawhid Wa'al-Jihad,Claimed,259,-1,-99,-99,524,-1,-99,-99,Confirmed Suicide,None,06-05-2004
02-Oct-20,-2084993003,1076038513,40934540,-99,Unknown Group,Unclaimed,-99,-99,-99,-99,-99,-99,-99,-99,Confirmed Suicide,None,#VALUE!
02-Oct-20,-2084861233,2042787975,40934540,-99,Unknown Group,Unclaimed,-99,-99,-99,-99,-99,-99,-99,-99,Confirmed Suicide,None,#VALUE!
02-Oct-20,-2084667199,2070546414,1088854842,303,Taliban (IEA),Claimed,333,-1,-99,-99,735,-1,-99,-99,Confirmed Suicide,None,03-10-2006
02-Oct-20,-2083469834,692466964,1412607573,234,Islamic State,Claimed,-99,-99,-99,-99,-99,-99,-99,-99,Confirmed Suicide,None,#VALUE!
02-Oct-20,-2081975484,-195032951,40934540,-99,Unknown Group,Unclaimed,-99,-99,-99,-99,-99,-99,-99,-99,Confirmed Suicide,None,#VALUE!
02-Oct-20,-2081651973,-1479721738,-2061437918,211,Al-Aqsa Martyrs Brigade,Claimed,234,-1,-99,-99,480,-1,-99,-99,Confirmed Suicide,None,01-04-2002
02-Oct-20,-2080316848,620482814,40934540,-99,Unknown Group,Unclaimed,-99,-99,-99,-99,-99,-99,-99,-99,Confirmed Suicide,None,#VALUE!
02-Oct-20,-2080151779,384595603,40934540,-99,Unknown Group,Unclaimed,-99,-99,-99,-99,-99,-99,-99,-99,Possible - Conflicting Reports,None,#VALUE!
02-Oct-20,-2079763944,803003509,852230391,234,Al-Qaeda in Iraq,Claimed,259,-1,506,-1,524,-1,973,-1,Confirmed Suicide,None,#VALUE!
02-Oct-20,-2079433614,1937651226,40934540,-99,Unknown Group,Unclaimed,-99,-99,-99,-99,-99,-99,-99,-99,Confirmed Suicide,None,11-05-2005
02-Oct-20,-2077518950,2079986869,-1025093633,320,Liberation Tigers of Tamil Eelam,Claimed,352,-1,-99,-99,776,-1,-99,-99,Confirmed Suicide,None,04-08-1999
02-Oct-20,-2075891390,2126657856,1412607573,234,Islamic State,Suspected,259,-1,-99,-99,524,-1,-99,-99,Possible - Too Few Sources,None,#VALUE!
02-Oct-20,-2075493236,-615663051,-1785398413,-99,Jaish al-Fatah,Claimed,299,-1,-99,-99,11973,-1,-99,-99,Possible - Too Few Sources,None,01-11-2016
02-Oct-20,-2075393941,494681885,40934540,-99,Unknown Group,Unclaimed,-99,-99,-99,-99,-99,-99,-99,-99,Confirmed Suicide,None,06-12-2006
02-Oct-20,-2075258081,-720789091,-1921824945,323,Kurdistan Workers' Party,Suspected,354,-1,521,-1,781,-1,988,-1,Confirmed Suicide,None,01-12-1998
02-Oct-20,-2075202971,-1515205861,40934540,-99,Unknown Group,Unclaimed,-99,-99,-99,-99,-99,-99,-99,-99,Confirmed Suicide,None,#VALUE!
02-Oct-20,-2074558527,-1467772969,40934540,-99,Unknown Group,Unclaimed,-99,-99,-99,-99,-99,-99,-99,-99,Confirmed Suicide,None,#VALUE!
02-Oct-20,-2074450697,-67187595,-2030774200,-99,Sergokala Bandit Group (Abdu-Salam),Suspected,-1,-1,-99,-99,-1,-1,-99,-99,Confirmed Suicide,None,#VALUE!
02-Oct-20,-2073859854,57802864,1412607573,234,Islamic State,Claimed,13604,-1,506,-1,14620,-1,973,-1,Confirmed Suicide,None,11-06-2016
02-Oct-20,-2073230908,-2082976366,40934540,-99,Unknown Group,Unclaimed,-99,-99,-99,-99,-99,-99,-99,-99,Confirmed Suicide,None,#VALUE!
02-Oct-20,-2072362899,1012456173,40934540,-99,Unknown Group,Unclaimed,-99,-99,-99,-99,-99,-99,-99,-99,Confirmed Suicide,None,01-02-2007
02-Oct-20,-2072056429,520911353,40934540,-99,Unknown Group,Unclaimed,-99,-99,-99,-99,-99,-99,-99,-99,Confirmed Suicide,None,#VALUE!
02-Oct-20,-2071951000,-1184642990,-744776018,209,Hamas,Claimed,234,-1,-99,-99,477,-1,-99,-99,Confirmed Suicide,None,#VALUE!
02-Oct-20,-2071881802,-1941911227,1088854842,303,Taliban (IEA),Claimed,333,-1,-99,-99,735,-1,-99,-99,Confirmed Suicide,None,02-10-2010
02-Oct-20,-2071594021,-1212001919,1412607573,234,Islamic State,Claimed,259,-1,-99,-99,524,-1,-99,-99,Possible - Too Few Sources,None,#VALUE!
02-Oct-20,-2071137074,1945526188,40934540,-99,Unknown Group,Unclaimed,-99,-99,-99,-99,-99,-99,-99,-99,Confirmed Suicide,None,#VALUE!
02-Oct-20,-2069803703,1531390949,40934540,-99,Unknown Group,Unclaimed,-99,-99,-99,-99,-99,-99,-99,-99,Confirmed Suicide,None,#VALUE!
02-Oct-20,-2068983806,600636928,40934540,-99,Unknown Group,Unclaimed,-99,-99,-99,-99,-99,-99,-99,-99,Confirmed Suicide,None,#VALUE!
02-Oct-20,-2068869580,819946971,40934540,-99,Unknown Group,Unclaimed,-99,-99,-99,-99,-99,-99,-99,-99,Confirmed Suicide,None,#VALUE!
02-Oct-20,-2068839842,1980043432,1088854842,303,Taliban (IEA),Claimed,333,-1,-99,-99,735,-1,-99,-99,Confirmed Suicide,None,#VALUE!
02-Oct-20,-2068472533,661001041,1088854842,303,Taliban (IEA),Claimed,333,-1,-99,-99,735,-1,-99,-99,Confirmed Suicide,None,#VALUE!
02-Oct-20,-2068136155,1283108315,-998283981,-99,Jaish Ansar al-Sunnah,Claimed,259,-1,-99,-99,524,-1,-99,-99,Confirmed Suicide,None,#VALUE!
02-Oct-20,-2067001384,-1290444216,40934540,-99,Unknown Group,Unclaimed,-99,-99,-99,-99,-99,-99,-99,-99,Possible - Too Few Sources,None,#VALUE!
02-Oct-20,-2066570533,1867406742,-1553067539,384,Soldiers of the Prophet's Companions Group,Claimed,-1,-1,538,-1,-1,-1,1005,-1,Confirmed Suicide,None,10-08-2006
02-Oct-20,-2065827889,1727936291,40934540,-99,Unknown Group,Unclaimed,-99,-99,-99,-99,-99,-99,-99,-99,Confirmed Suicide,None,07-04-2006
02-Oct-20,-2065603619,575547391,40934540,-99,Unknown Group,Unclaimed,-99,-99,-99,-99,-99,-99,-99,-99,Possible - Conflicting Reports,None,#VALUE!
02-Oct-20,-2065170597,269615361,40934540,-99,Unknown Group,Unclaimed,-99,-99,-99,-99,-99,-99,-99,-99,Confirmed Suicide,None,12-10-2008
02-Oct-20,-2064661623,1054341428,1591445029,-99,Kamtapur Liberation Organization,Suspected,-1,-1,-1,-1,-1,-1,-1,-1,Confirmed Suicide,None,#VALUE!
02-Oct-20,-2064661623,2002506370,1591445029,-99,Kamtapur Liberation Organization,Denied,-1,-1,-1,-1,-1,-1,-1,-1,Confirmed Suicide,None,#VALUE!
02-Oct-20,-2062258354,316956204,40934540,-99,Unknown Group,Unclaimed,-99,-99,-99,-99,-99,-99,-99,-99,Confirmed Suicide,None,#VALUE!
02-Oct-20,-2059016497,1716880789,40934540,-99,Unknown Group,Unclaimed,-99,-99,-99,-99,-99,-99,-99,-99,Confirmed Suicide,None,#VALUE!
02-Oct-20,-2058655937,-1362332574,1088854842,303,Taliban (IEA),Claimed,333,-1,-99,-99,735,-1,-99,-99,Confirmed Suicide,None,#VALUE!
02-Oct-20,-2058531344,-1149721186,40934540,-99,Unknown Group,Unclaimed,-99,-99,-99,-99,-99,-99,-99,-99,Confirmed Suicide,None,03-05-2014
02-Oct-20,-2057948864,1435051548,40934540,-99,Unknown Group,Unclaimed,-99,-99,-99,-99,-99,-99,-99,-99,Confirmed Suicide,None,#VALUE!
02-Oct-20,-2057301245,-752023276,40934540,-99,Unknown Group,Unclaimed,-99,-99,-99,-99,-99,-99,-99,-99,Confirmed Suicide,None,10-07-2005
02-Oct-20,-2056898343,1277752905,-1240831961,-99,Lebanese National Resistance Front,Claimed,260,-1,-99,-99,529,-1,-99,-99,Confirmed Suicide,None,12-03-1985
02-Oct-20,-2056898343,-676381253,-534292260,239,Amal,Claimed,260,-1,-99,-99,529,-1,-99,-99,Confirmed Suicide,None,12-03-1985
02-Oct-20,-2055280517,-292041010,1261808859,539,Al-Qaeda in the Land of the Islamic Maghreb,Suspected,386,-1,-99,-99,830,-1,-99,-99,Confirmed Suicide,None,#VALUE!
02-Oct-20,-2055260179,1239687535,40934540,-99,Unknown Group,Unclaimed,-99,-99,-99,-99,-99,-99,-99,-99,Confirmed Suicide,Chemical,#VALUE!
02-Oct-20,-2054371336,-1575760154,40934540,-99,Unknown Group,Unclaimed,-99,-99,-99,-99,-99,-99,-99,-99,Confirmed Suicide,None,01-07-2009
02-Oct-20,-2054068438,319231817,40934540,-99,Unknown Group,Unclaimed,-99,-99,-99,-99,-99,-99,-99,-99,Confirmed Suicide,None,#VALUE!
02-Oct-20,-2053162774,1353396520,40934540,-99,Unknown Group,Unclaimed,-99,-99,-99,-99,-99,-99,-99,-99,Possible - Too Few Sources,None,#VALUE!
02-Oct-20,-2052238418,-2083748451,1088854842,303,Taliban (IEA),Claimed,333,-1,-99,-99,735,-1,-99,-99,Confirmed Suicide,None,12-10-2006
02-Oct-20,-2050675758,318805009,40934540,-99,Unknown Group,Unclaimed,-99,-99,-99,-99,-99,-99,-99,-99,Confirmed Suicide,None,#VALUE!
02-Oct-20,-2050313057,1408518117,2033412617,1051,Boko Haram (Shekau Faction),Suspected,297,-1,1850,-1,640,-1,2332,-1,Confirmed Suicide,None,07-11-2017
02-Oct-20,-2049156956,-1054125301,40934540,-99,Unknown Group,Unclaimed,-99,-99,-99,-99,-99,-99,-99,-99,Confirmed Suicide,None,#VALUE!
02-Oct-20,-2048673828,-1363989675,40934540,-99,Unknown Group,Unclaimed,-99,-99,-99,-99,-99,-99,-99,-99,Confirmed Suicide,None,#VALUE!
02-Oct-20,-2048642154,1254241891,40934540,-99,Unknown Group,Unclaimed,-99,-99,-99,-99,-99,-99,-99,-99,Confirmed Suicide,None,01-09-2012
02-Oct-20,-2048107587,28190456,1412607573,234,Islamic State,Claimed,259,-1,-99,-99,524,-1,-99,-99,Possible - Too Few Sources,None,#VALUE!
02-Oct-20,-2046835124,-1135491750,1088854842,303,Taliban (IEA),Claimed,333,-1,-99,-99,735,-1,-99,-99,Possible - Conflicting Reports,None,#VALUE!
02-Oct-20,-2046699396,-1898183511,1219865689,234,Islamic State of Iraq,Claimed,259,-1,-99,-99,524,-1,-99,-99,Confirmed Suicide,None,#VALUE!
02-Oct-20,-2046550065,142052553,-1025093633,320,Liberation Tigers of Tamil Eelam,Claimed,352,-1,-99,-99,776,-1,-99,-99,Confirmed Suicide,None,#VALUE!
02-Oct-20,-2045960450,616912220,2033412617,1051,Boko Haram (Shekau Faction),Suspected,-99,-99,-99,-99,-99,-99,-99,-99,Confirmed Suicide,None,07-06-2017
02-Oct-20,-2045797237,121741745,1412607573,234,Islamic State,Suspected,259,-1,-99,-99,524,-1,-99,-99,Confirmed Suicide,None,10-06-2015
02-Oct-20,-2045498502,124888632,869102795,234,Islamic State East Asia Province,Claimed,-1,-1,-1,-1,-1,-1,-1,-1,Confirmed Suicide,None,#VALUE!
02-Oct-20,-2043469375,1697432023,40934540,-99,Unknown Group,Unclaimed,-99,-99,-99,-99,-99,-99,-99,-99,Confirmed Suicide,None,#VALUE!
02-Oct-20,-2043283468,1221996352,1088854842,303,Taliban (IEA),Claimed,333,-1,-99,-99,735,-1,-99,-99,Confirmed Suicide,None,#VALUE!
02-Oct-20,-2042235178,432336807,40934540,-99,Unknown Group,Unclaimed,-99,-99,-99,-99,-99,-99,-99,-99,Confirmed Suicide,None,#VALUE!
02-Oct-20,-2041578908,-1544621465,40934540,-99,Unknown Group,Unclaimed,-99,-99,-99,-99,-99,-99,-99,-99,Confirmed Suicide,None,#VALUE!
02-Oct-20,-2041425055,-963388692,40934540,-99,Unknown Group,Unclaimed,-99,-99,-99,-99,-99,-99,-99,-99,Possible - Too Few Sources,None,#VALUE!
02-Oct-20,-2041101255,161982151,-1331733387,352,Chechen Republic of Ichkeria,Claimed,401,-1,-99,-99,852,-1,-99,-99,Confirmed Suicide,None,08-12-2000
02-Oct-20,-2040881046,549714710,40934540,-99,Unknown Group,Unclaimed,-99,-99,-99,-99,-99,-99,-99,-99,Confirmed Suicide,None,#VALUE!
02-Oct-20,-2038478748,485698558,40934540,-99,Unknown Group,Unclaimed,-99,-99,-99,-99,-99,-99,-99,-99,Possible - Conflicting Reports,None,#VALUE!
02-Oct-20,-2036854690,1774354568,40934540,-99,Unknown Group,Unclaimed,-99,-99,-99,-99,-99,-99,-99,-99,Confirmed Suicide,None,10-07-2005
02-Oct-20,-2036306546,-168670890,1088854842,303,Taliban (IEA),Claimed,333,-1,-99,-99,735,-1,-99,-99,Confirmed Suicide,None,#VALUE!
02-Oct-20,-2035417336,1080171638,40934540,-99,Unknown Group,Unclaimed,-99,-99,-99,-99,-99,-99,-99,-99,Confirmed Suicide,None,06-12-2013
02-Oct-20,-2031877575,-74221809,40934540,-99,Unknown Group,Unclaimed,-99,-99,-99,-99,-99,-99,-99,-99,Confirmed Suicide,None,#VALUE!
02-Oct-20,-2031405588,-454393613,1412607573,234,Islamic State,Suspected,259,-1,-99,-99,524,-1,-99,-99,Possible - Too Few Sources,None,#VALUE!
02-Oct-20,-2030277298,786398778,40934540,-99,Unknown Group,Unclaimed,-99,-99,-99,-99,-99,-99,-99,-99,Confirmed Suicide,None,03-03-2011
02-Oct-20,-2030048427,1230927243,1412607573,234,Islamic State,Claimed,13604,-1,506,-1,14620,-1,973,-1,Confirmed Suicide,None,11-11-2019
02-Oct-20,-2029240387,-1481764266,40934540,-99,Unknown Group,Unclaimed,-99,-99,-99,-99,-99,-99,-99,-99,Confirmed Suicide,None,#VALUE!
02-Oct-20,-2028711111,-545541698,40934540,-99,Unknown Group,Unclaimed,-99,-99,-99,-99,-99,-99,-99,-99,Confirmed Suicide,None,#VALUE!
02-Oct-20,-2028102255,1961054381,1088854842,303,Taliban (IEA),Claimed,333,-1,-99,-99,735,-1,-99,-99,Confirmed Suicide,None,08-05-2019
02-Oct-20,-2027906346,845000663,1412607573,234,Islamic State,Claimed,259,-1,-99,-99,524,-1,-99,-99,Possible - Conflicting Reports,None,12-08-2017
02-Oct-20,-2027177564,-2107103221,2033412617,1051,Boko Haram (Shekau Faction),Suspected,353,-1,1850,-1,12422,-1,2332,-1,Confirmed Suicide,None,#VALUE!
02-Oct-20,-2026473922,-739933853,1088854842,303,Taliban (IEA),Claimed,333,-1,-99,-99,735,-1,-99,-99,Confirmed Suicide,None,11-06-2010
02-Oct-20,-2024719847,-1634971887,40934540,-99,Unknown Group,Unclaimed,-99,-99,-99,-99,-99,-99,-99,-99,Confirmed Suicide,None,#VALUE!
02-Oct-20,-2024562036,-856023481,40934540,-99,Unknown Group,Unclaimed,-99,-99,-99,-99,-99,-99,-99,-99,Confirmed Suicide,None,#VALUE!
02-Oct-20,-2024118071,-1920434145,40934540,-99,Unknown Group,Unclaimed,-99,-99,-99,-99,-99,-99,-99,-99,Confirmed Suicide,None,#VALUE!
02-Oct-20,-2022996357,-1793499871,40934540,-99,Unknown Group,Unclaimed,-99,-99,-99,-99,-99,-99,-99,-99,Confirmed Suicide,None,06-01-2015
02-Oct-20,-2021344605,526994825,40934540,-99,Unknown Group,Unclaimed,-99,-99,-99,-99,-99,-99,-99,-99,Confirmed Suicide,None,06-06-2009
02-Oct-20,-2021137771,509361867,40934540,-99,Unknown Group,Unclaimed,-99,-99,-99,-99,-99,-99,-99,-99,Confirmed Suicide,None,12-01-2016
02-Oct-20,-2020687800,-1454522442,1540577378,234,Islamic State - Khorasan Province,Claimed,13936,-1,506,-1,14319,-1,973,-1,Confirmed Suicide,None,#VALUE!
02-Oct-20,-2020303317,1555434910,40934540,-99,Unknown Group,Unclaimed,-99,-99,-99,-99,-99,-99,-99,-99,Confirmed Suicide,None,08-10-2007
02-Oct-20,-2019465164,-1608590974,1088854842,303,Taliban (IEA),Claimed,333,-1,514,-1,735,-1,981,-1,Confirmed Suicide,None,#VALUE!
02-Oct-20,-2019442015,1359203767,40934540,-99,Unknown Group,Unclaimed,-99,-99,-99,-99,-99,-99,-99,-99,Possible - Conflicting Reports,None,#VALUE!
02-Oct-20,-2018641919,2129953303,1352370188,-99,Ali al-Amiri Group,Claimed,-1,-1,-99,-99,-1,-1,-99,-99,Possible - Too Few Sources,None,06-04-1985
02-Oct-20,-2017491333,-85296396,-503347814,388,Lashkar-e Jhangvi al-Almi,Claimed,-1,-1,540,-1,-1,-1,1007,-1,Confirmed Suicide,None,#VALUE!
02-Oct-20,-2017362631,-937653515,-744776018,209,Hamas,Suspected,234,-1,-99,-99,477,-1,-99,-99,Possible - Conflicting Reports,None,08-11-2001
02-Oct-20,-2016891688,-165492059,40934540,-99,Unknown Group,Unclaimed,-99,-99,-99,-99,-99,-99,-99,-99,Confirmed Suicide,None,#VALUE!
02-Oct-20,-2015828898,113252796,1412607573,234,Islamic State,Suspected,-99,-99,-99,-99,-99,-99,-99,-99,Confirmed Suicide,None,#VALUE!
02-Oct-20,-2014616409,1343487535,40934540,-99,Unknown Group,Unclaimed,-99,-99,-99,-99,-99,-99,-99,-99,Possible - Too Few Sources,None,#VALUE!
02-Oct-20,-2014145562,-1924854287,-744776018,209,Hamas,Claimed,234,-1,501,-1,477,-1,968,-1,Confirmed Suicide,None,04-09-1997
02-Oct-20,-2013419585,1816985124,40934540,-99,Unknown Group,Unclaimed,-99,-99,-99,-99,-99,-99,-99,-99,Confirmed Suicide,None,#VALUE!
02-Oct-20,-2013076846,364437718,-526289413,-99,Syrian Social Nationalist Party,Claimed,-1,-1,-99,-99,-1,-1,-99,-99,Confirmed Suicide,None,09-04-1985
02-Oct-20,-2012633457,-1601811627,1219865689,234,Islamic State of Iraq,Claimed,-99,-99,-99,-99,-99,-99,-99,-99,Confirmed Suicide,None,#VALUE!
02-Oct-20,-2012489771,1828181809,1088854842,303,Taliban (IEA),Claimed,333,-1,-99,-99,735,-1,-99,-99,Confirmed Suicide,None,#VALUE!
02-Oct-20,-2011889714,1216963244,40934540,-99,Unknown Group,Unclaimed,-99,-99,-99,-99,-99,-99,-99,-99,Confirmed Suicide,None,#VALUE!
02-Oct-20,-2011671183,618294137,1088854842,303,Taliban (IEA),Claimed,333,-1,-99,-99,735,-1,-99,-99,Confirmed Suicide,None,#VALUE!
02-Oct-20,-2011441729,-1028993531,1412607573,234,Islamic State,Suspected,259,-1,506,-1,524,-1,973,-1,Possible - Conflicting Reports,None,07-08-2014
02-Oct-20,-2011363830,1218418175,40934540,-99,Unknown Group,Unclaimed,-99,-99,-99,-99,-99,-99,-99,-99,Confirmed Suicide,None,#VALUE!
02-Oct-20,-2010874715,839976208,40934540,-99,Unknown Group,Unclaimed,-99,-99,-99,-99,-99,-99,-99,-99,Confirmed Suicide,None,#VALUE!
02-Oct-20,-2009297179,-1715025186,-1185898333,-99,Arab Socialist Ba'ath Party - Lebanon,Claimed,-99,-99,-99,-99,-99,-99,-99,-99,Confirmed Suicide,None,08-04-1986
02-Oct-20,-2008644092,760193003,1088854842,303,Taliban (IEA),Claimed,333,-1,-99,-99,735,-1,-99,-99,Confirmed Suicide,None,#VALUE!
02-Oct-20,-2008450083,-971269805,1412607573,234,Islamic State,Claimed,259,-1,506,-1,524,-1,973,-1,Confirmed Suicide,None,08-03-2017
02-Oct-20,-2006197408,-1863255327,40934540,-99,Unknown Group,Unclaimed,-99,-99,-99,-99,-99,-99,-99,-99,Possible - Too Few Sources,None,#VALUE!
02-Oct-20,-2006057478,2053594569,40934540,-99,Unknown Group,Unclaimed,-99,-99,-99,-99,-99,-99,-99,-99,Possible - Conflicting Reports,None,#VALUE!
02-Oct-20,-2005853106,-574856732,40934540,-99,Unknown Group,Unclaimed,-99,-99,-99,-99,-99,-99,-99,-99,Confirmed Suicide,None,02-04-2007
02-Oct-20,-2004875691,-1103732112,40934540,-99,Unknown Group,Unclaimed,-99,-99,-99,-99,-99,-99,-99,-99,Confirmed Suicide,None,#VALUE!
02-Oct-20,-2003594436,395075203,40934540,-99,Unknown Group,Unclaimed,-99,-99,-99,-99,-99,-99,-99,-99,Confirmed Suicide,None,11-10-2013
02-Oct-20,-2002423311,1202122872,40934540,-99,Unknown Group,Unclaimed,-99,-99,-99,-99,-99,-99,-99,-99,Confirmed Suicide,None,10-10-2004
02-Oct-20,-2002394894,878262384,40934540,-99,Unknown Group,Unclaimed,-99,-99,-99,-99,-99,-99,-99,-99,Confirmed Suicide,None,04-05-2018
02-Oct-20,-2002319000,-1279283754,40934540,-99,Unknown Group,Unclaimed,-99,-99,-99,-99,-99,-99,-99,-99,Confirmed Suicide,None,#VALUE!
02-Oct-20,-2001134931,-628255472,40934540,-99,Unknown Group,Unclaimed,-99,-99,-99,-99,-99,-99,-99,-99,Possible - Too Few Sources,None,#VALUE!
,,,,,,,,,,,,,,,,,
,,,,,,,,,,,,,,,,,
,,,,,,,,,,,,,,,,,
,,,,,,,,,,,,,,,,,
,,,,,,,,,,,,,,,,,
,,,,,,,,,,,,,,,,,
,,,,,,,,,,,,,,,,,
,,,,,,,,,,,,,,,,,
,,,,,,,,,,,,,,,,,
,,,,,,,,,,,,,,,,,
,,,,,,,,,,,,,,,,,
,,,,,,,,,,,,,,,,,
,,,,,,,,,,,,,,,,,
,,,,,,,,,,,,,,,,,
,,,,,,,,,,,,,,,,,
,,,,,,,,,,,,,,,,,
,,,,,,,,,,,,,,,,,
,,,,,,,,,,,,,,,,,
,,,,,,,,,,,,,,,,,
,,,,,,,,,,,,,,,,,
,,,,,,,,,,,,,,,,,
,,,,,,,,,,,,,,,,,
,,,,,,,,,,,,,,,,,
,,,,,,,,,,,,,,,,,
,,,,,,,,,,,,,,,,,
,,,,,,,,,,,,,,,,,
,,,,,,,,,,,,,,,,,
,,,,,,,,,,,,,,,,,
,,,,,,,,,,,,,,,,,
,,,,,,,,,,,,,,,,,
,,,,,,,,,,,,,,,,,
,,,,,,,,,,,,,,,,,
,,,,,,,,,,,,,,,,,
,,,,,,,,,,,,,,,,,
,,,,,,,,,,,,,,,,,
,,,,,,,,,,,,,,,,,
,,,,,,,,,,,,,,,,,
,,,,,,,,,,,,,,,,,
,,,,,,,,,,,,,,,,,
,,,,,,,,,,,,,,,,,
,,,,,,,,,,,,,,,,,
,,,,,,,,,,,,,,,,,
,,,,,,,,,,,,,,,,,
,,,,,,,,,,,,,,,,,
,,,,,,,,,,,,,,,,,
,,,,,,,,,,,,,,,,,
,,,,,,,,,,,,,,,,,
,,,,,,,,,,,,,,,,,
,,,,,,,,,,,,,,,,,
,,,,,,,,,,,,,,,,,
,,,,,,,,,,,,,,,,,
,,,,,,,,,,,,,,,,,
,,,,,,,,,,,,,,,,,
,,,,,,,,,,,,,,,,,
,,,,,,,,,,,,,,,,,
,,,,,,,,,,,,,,,,,
,,,,,,,,,,,,,,,,,
,,,,,,,,,,,,,,,,,
,,,,,,,,,,,,,,,,,
,,,,,,,,,,,,,,,,,
,,,,,,,,,,,,,,,,,
,,,,,,,,,,,,,,,,,
,,,,,,,,,,,,,,,,,
,,,,,,,,,,,,,,,,,
,,,,,,,,,,,,,,,,,
,,,,,,,,,,,,,,,,,
,,,,,,,,,,,,,,,,,
,,,,,,,,,,,,,,,,,
,,,,,,,,,,,,,,,,,
,,,,,,,,,,,,,,,,,
,,,,,,,,,,,,,,,,,
,,,,,,,,,,,,,,,,,
,,,,,,,,,,,,,,,,,
,,,,,,,,,,,,,,,,,
,,,,,,,,,,,,,,,,,
,,,,,,,,,,,,,,,,,
,,,,,,,,,,,,,,,,,
,,,,,,,,,,,,,,,,,
,,,,,,,,,,,,,,,,,
,,,,,,,,,,,,,,,,,
,,,,,,,,,,,,,,,,,
,,,,,,,,,,,,,,,,,
,,,,,,,,,,,,,,,,,
,,,,,,,,,,,,,,,,,
,,,,,,,,,,,,,,,,,
,,,,,,,,,,,,,,,,,
,,,,,,,,,,,,,,,,,
,,,,,,,,,,,,,,,,,
,,,,,,,,,,,,,,,,,
,,,,,,,,,,,,,,,,,
,,,,,,,,,,,,,,,,,
,,,,,,,,,,,,,,,,,
,,,,,,,,,,,,,,,,,
,,,,,,,,,,,,,,,,,
,,,,,,,,,,,,,,,,,
,,,,,,,,,,,,,,,,,
,,,,,,,,,,,,,,,,,
,,,,,,,,,,,,,,,,,
,,,,,,,,,,,,,,,,,
,,,,,,,,,,,,,,,,,
,,,,,,,,,,,,,,,,,
,,,,,,,,,,,,,,,,,
,,,,,,,,,,,,,,,,,
,,,,,,,,,,,,,,,,,
,,,,,,,,,,,,,,,,,
,,,,,,,,,,,,,,,,,
,,,,,,,,,,,,,,,,,
,,,,,,,,,,,,,,,,,
,,,,,,,,,,,,,,,,,
,,,,,,,,,,,,,,,,,
,,,,,,,,,,,,,,,,,
,,,,,,,,,,,,,,,,,
,,,,,,,,,,,,,,,,,
,,,,,,,,,,,,,,,,,
,,,,,,,,,,,,,,,,,
,,,,,,,,,,,,,,,,,
,,,,,,,,,,,,,,,,,
,,,,,,,,,,,,,,,,,
,,,,,,,,,,,,,,,,,
,,,,,,,,,,,,,,,,,
,,,,,,,,,,,,,,,,,
,,,,,,,,,,,,,,,,,
,,,,,,,,,,,,,,,,,
,,,,,,,,,,,,,,,,,
,,,,,,,,,,,,,,,,,
,,,,,,,,,,,,,,,,,
,,,,,,,,,,,,,,,,,
,,,,,,,,,,,,,,,,,
,,,,,,,,,,,,,,,,,
,,,,,,,,,,,,,,,,,
,,,,,,,,,,,,,,,,,
,,,,,,,,,,,,,,,,,
,,,,,,,,,,,,,,,,,
,,,,,,,,,,,,,,,,,
,,,,,,,,,,,,,,,,,
,,,,,,,,,,,,,,,,,
,,,,,,,,,,,,,,,,,
,,,,,,,,,,,,,,,,,
,,,,,,,,,,,,,,,,,
,,,,,,,,,,,,,,,,,
,,,,,,,,,,,,,,,,,
,,,,,,,,,,,,,,,,,
,,,,,,,,,,,,,,,,,
,,,,,,,,,,,,,,,,,
,,,,,,,,,,,,,,,,,
,,,,,,,,,,,,,,,,,
,,,,,,,,,,,,,,,,,
,,,,,,,,,,,,,,,,,
,,,,,,,,,,,,,,,,,
,,,,,,,,,,,,,,,,,
,,,,,,,,,,,,,,,,,
,,,,,,,,,,,,,,,,,
,,,,,,,,,,,,,,,,,
,,,,,,,,,,,,,,,,,
,,,,,,,,,,,,,,,,,
,,,,,,,,,,,,,,,,,
,,,,,,,,,,,,,,,,,
,,,,,,,,,,,,,,,,,
,,,,,,,,,,,,,,,,,
,,,,,,,,,,,,,,,,,
,,,,,,,,,,,,,,,,,
,,,,,,,,,,,,,,,,,
,,,,,,,,,,,,,,,,,
,,,,,,,,,,,,,,,,,
,,,,,,,,,,,,,,,,,
,,,,,,,,,,,,,,,,,
,,,,,,,,,,,,,,,,,
,,,,,,,,,,,,,,,,,
,,,,,,,,,,,,,,,,,
,,,,,,,,,,,,,,,,,
,,,,,,,,,,,,,,,,,
,,,,,,,,,,,,,,,,,
,,,,,,,,,,,,,,,,,
,,,,,,,,,,,,,,,,,
,,,,,,,,,,,,,,,,,
,,,,,,,,,,,,,,,,,
,,,,,,,,,,,,,,,,,
,,,,,,,,,,,,,,,,,
,,,,,,,,,,,,,,,,,
,,,,,,,,,,,,,,,,,
,,,,,,,,,,,,,,,,,
,,,,,,,,,,,,,,,,,
,,,,,,,,,,,,,,,,,
,,,,,,,,,,,,,,,,,
,,,,,,,,,,,,,,,,,
,,,,,,,,,,,,,,,,,
,,,,,,,,,,,,,,,,,
,,,,,,,,,,,,,,,,,
,,,,,,,,,,,,,,,,,
,,,,,,,,,,,,,,,,,
,,,,,,,,,,,,,,,,,
,,,,,,,,,,,,,,,,,
,,,,,,,,,,,,,,,,,
,,,,,,,,,,,,,,,,,
,,,,,,,,,,,,,,,,,
,,,,,,,,,,,,,,,,,
,,,,,,,,,,,,,,,,,
,,,,,,,,,,,,,,,,,
,,,,,,,,,,,,,,,,,
,,,,,,,,,,,,,,,,,
,,,,,,,,,,,,,,,,,
,,,,,,,,,,,,,,,,,
,,,,,,,,,,,,,,,,,
,,,,,,,,,,,,,,,,,
,,,,,,,,,,,,,,,,,
,,,,,,,,,,,,,,,,,
,,,,,,,,,,,,,,,,,
,,,,,,,,,,,,,,,,,
,,,,,,,,,,,,,,,,,
,,,,,,,,,,,,,,,,,
,,,,,,,,,,,,,,,,,
,,,,,,,,,,,,,,,,,
,,,,,,,,,,,,,,,,,
,,,,,,,,,,,,,,,,,
,,,,,,,,,,,,,,,,,
,,,,,,,,,,,,,,,,,
,,,,,,,,,,,,,,,,,
,,,,,,,,,,,,,,,,,
,,,,,,,,,,,,,,,,,
,,,,,,,,,,,,,,,,,
,,,,,,,,,,,,,,,,,
,,,,,,,,,,,,,,,,,
,,,,,,,,,,,,,,,,,
,,,,,,,,,,,,,,,,,
,,,,,,,,,,,,,,,,,
,,,,,,,,,,,,,,,,,
,,,,,,,,,,,,,,,,,
,,,,,,,,,,,,,,,,,
,,,,,,,,,,,,,,,,,
,,,,,,,,,,,,,,,,,
,,,,,,,,,,,,,,,,,
,,,,,,,,,,,,,,,,,
,,,,,,,,,,,,,,,,,
,,,,,,,,,,,,,,,,,
,,,,,,,,,,,,,,,,,
,,,,,,,,,,,,,,,,,
,,,,,,,,,,,,,,,,,
,,,,,,,,,,,,,,,,,
,,,,,,,,,,,,,,,,,
,,,,,,,,,,,,,,,,,
,,,,,,,,,,,,,,,,,
,,,,,,,,,,,,,,,,,
,,,,,,,,,,,,,,,,,
,,,,,,,,,,,,,,,,,
,,,,,,,,,,,,,,,,,
,,,,,,,,,,,,,,,,,
,,,,,,,,,,,,,,,,,
,,,,,,,,,,,,,,,,,
,,,,,,,,,,,,,,,,,
,,,,,,,,,,,,,,,,,
,,,,,,,,,,,,,,,,,
,,,,,,,,,,,,,,,,,
,,,,,,,,,,,,,,,,,
,,,,,,,,,,,,,,,,,
,,,,,,,,,,,,,,,,,
,,,,,,,,,,,,,,,,,
,,,,,,,,,,,,,,,,,
,,,,,,,,,,,,,,,,,
,,,,,,,,,,,,,,,,,
,,,,,,,,,,,,,,,,,
,,,,,,,,,,,,,,,,,
,,,,,,,,,,,,,,,,,
,,,,,,,,,,,,,,,,,
,,,,,,,,,,,,,,,,,
,,,,,,,,,,,,,,,,,
,,,,,,,,,,,,,,,,,
,,,,,,,,,,,,,,,,,
,,,,,,,,,,,,,,,,,
,,,,,,,,,,,,,,,,,
,,,,,,,,,,,,,,,,,
,,,,,,,,,,,,,,,,,
,,,,,,,,,,,,,,,,,
,,,,,,,,,,,,,,,,,
,,,,,,,,,,,,,,,,,
,,,,,,,,,,,,,,,,,
,,,,,,,,,,,,,,,,,
,,,,,,,,,,,,,,,,,
,,,,,,,,,,,,,,,,,
,,,,,,,,,,,,,,,,,
,,,,,,,,,,,,,,,,,
,,,,,,,,,,,,,,,,,
,,,,,,,,,,,,,,,,,
,,,,,,,,,,,,,,,,,
,,,,,,,,,,,,,,,,,
,,,,,,,,,,,,,,,,,
,,,,,,,,,,,,,,,,,
,,,,,,,,,,,,,,,,,
,,,,,,,,,,,,,,,,,
,,,,,,,,,,,,,,,,,
,,,,,,,,,,,,,,,,,
,,,,,,,,,,,,,,,,,
,,,,,,,,,,,,,,,,,
,,,,,,,,,,,,,,,,,
,,,,,,,,,,,,,,,,,
,,,,,,,,,,,,,,,,,
,,,,,,,,,,,,,,,,,
,,,,,,,,,,,,,,,,,
,,,,,,,,,,,,,,,,,
,,,,,,,,,,,,,,,,,
,,,,,,,,,,,,,,,,,
,,,,,,,,,,,,,,,,,
,,,,,,,,,,,,,,,,,
,,,,,,,,,,,,,,,,,
,,,,,,,,,,,,,,,,,
,,,,,,,,,,,,,,,,,
,,,,,,,,,,,,,,,,,
,,,,,,,,,,,,,,,,,
,,,,,,,,,,,,,,,,,
,,,,,,,,,,,,,,,,,
,,,,,,,,,,,,,,,,,
,,,,,,,,,,,,,,,,,
,,,,,,,,,,,,,,,,,
,,,,,,,,,,,,,,,,,
,,,,,,,,,,,,,,,,,
,,,,,,,,,,,,,,,,,
,,,,,,,,,,,,,,,,,
,,,,,,,,,,,,,,,,,
,,,,,,,,,,,,,,,,,
,,,,,,,,,,,,,,,,,
,,,,,,,,,,,,,,,,,
,,,,,,,,,,,,,,,,,
,,,,,,,,,,,,,,,,,
,,,,,,,,,,,,,,,,,
,,,,,,,,,,,,,,,,,
,,,,,,,,,,,,,,,,,
,,,,,,,,,,,,,,,,,
,,,,,,,,,,,,,,,,,
,,,,,,,,,,,,,,,,,
,,,,,,,,,,,,,,,,,
,,,,,,,,,,,,,,,,,
,,,,,,,,,,,,,,,,,
,,,,,,,,,,,,,,,,,
,,,,,,,,,,,,,,,,,
,,,,,,,,,,,,,,,,,
,,,,,,,,,,,,,,,,,
,,,,,,,,,,,,,,,,,
,,,,,,,,,,,,,,,,,
,,,,,,,,,,,,,,,,,
,,,,,,,,,,,,,,,,,
,,,,,,,,,,,,,,,,,
,,,,,,,,,,,,,,,,,
,,,,,,,,,,,,,,,,,
,,,,,,,,,,,,,,,,,
,,,,,,,,,,,,,,,,,
,,,,,,,,,,,,,,,,,
,,,,,,,,,,,,,,,,,
,,,,,,,,,,,,,,,,,
,,,,,,,,,,,,,,,,,
,,,,,,,,,,,,,,,,,
,,,,,,,,,,,,,,,,,
,,,,,,,,,,,,,,,,,
,,,,,,,,,,,,,,,,,
,,,,,,,,,,,,,,,,,
,,,,,,,,,,,,,,,,,
,,,,,,,,,,,,,,,,,
,,,,,,,,,,,,,,,,,
,,,,,,,,,,,,,,,,,
,,,,,,,,,,,,,,,,,
,,,,,,,,,,,,,,,,,
,,,,,,,,,,,,,,,,,
,,,,,,,,,,,,,,,,,
,,,,,,,,,,,,,,,,,
,,,,,,,,,,,,,,,,,
,,,,,,,,,,,,,,,,,
,,,,,,,,,,,,,,,,,
,,,,,,,,,,,,,,,,,
,,,,,,,,,,,,,,,,,
,,,,,,,,,,,,,,,,,
,,,,,,,,,,,,,,,,,
,,,,,,,,,,,,,,,,,
,,,,,,,,,,,,,,,,,
,,,,,,,,,,,,,,,,,
,,,,,,,,,,,,,,,,,
,,,,,,,,,,,,,,,,,
,,,,,,,,,,,,,,,,,
,,,,,,,,,,,,,,,,,
,,,,,,,,,,,,,,,,,
,,,,,,,,,,,,,,,,,
,,,,,,,,,,,,,,,,,
,,,,,,,,,,,,,,,,,
,,,,,,,,,,,,,,,,,
,,,,,,,,,,,,,,,,,
,,,,,,,,,,,,,,,,,
,,,,,,,,,,,,,,,,,
,,,,,,,,,,,,,,,,,
,,,,,,,,,,,,,,,,,
,,,,,,,,,,,,,,,,,
,,,,,,,,,,,,,,,,,
,,,,,,,,,,,,,,,,,
,,,,,,,,,,,,,,,,,
,,,,,,,,,,,,,,,,,
,,,,,,,,,,,,,,,,,
,,,,,,,,,,,,,,,,,
,,,,,,,,,,,,,,,,,
,,,,,,,,,,,,,,,,,
,,,,,,,,,,,,,,,,,
,,,,,,,,,,,,,,,,,
,,,,,,,,,,,,,,,,,
,,,,,,,,,,,,,,,,,
,,,,,,,,,,,,,,,,,
,,,,,,,,,,,,,,,,,
,,,,,,,,,,,,,,,,,
,,,,,,,,,,,,,,,,,
,,,,,,,,,,,,,,,,,
,,,,,,,,,,,,,,,,,
,,,,,,,,,,,,,,,,,
,,,,,,,,,,,,,,,,,
,,,,,,,,,,,,,,,,,
,,,,,,,,,,,,,,,,,
,,,,,,,,,,,,,,,,,
,,,,,,,,,,,,,,,,,
,,,,,,,,,,,,,,,,,
,,,,,,,,,,,,,,,,,
,,,,,,,,,,,,,,,,,
,,,,,,,,,,,,,,,,,
,,,,,,,,,,,,,,,,,
,,,,,,,,,,,,,,,,,
,,,,,,,,,,,,,,,,,
,,,,,,,,,,,,,,,,,
,,,,,,,,,,,,,,,,,
,,,,,,,,,,,,,,,,,
,,,,,,,,,,,,,,,,,
,,,,,,,,,,,,,,,,,
,,,,,,,,,,,,,,,,,
,,,,,,,,,,,,,,,,,
,,,,,,,,,,,,,,,,,
,,,,,,,,,,,,,,,,,
,,,,,,,,,,,,,,,,,
,,,,,,,,,,,,,,,,,
,,,,,,,,,,,,,,,,,
,,,,,,,,,,,,,,,,,
,,,,,,,,,,,,,,,,,
,,,,,,,,,,,,,,,,,
,,,,,,,,,,,,,,,,,
,,,,,,,,,,,,,,,,,
,,,,,,,,,,,,,,,,,
,,,,,,,,,,,,,,,,,
,,,,,,,,,,,,,,,,,
,,,,,,,,,,,,,,,,,
,,,,,,,,,,,,,,,,,
,,,,,,,,,,,,,,,,,
,,,,,,,,,,,,,,,,,
,,,,,,,,,,,,,,,,,
,,,,,,,,,,,,,,,,,
,,,,,,,,,,,,,,,,,
,,,,,,,,,,,,,,,,,
,,,,,,,,,,,,,,,,,
,,,,,,,,,,,,,,,,,
,,,,,,,,,,,,,,,,,
,,,,,,,,,,,,,,,,,
,,,,,,,,,,,,,,,,,
,,,,,,,,,,,,,,,,,
,,,,,,,,,,,,,,,,,
,,,,,,,,,,,,,,,,,
,,,,,,,,,,,,,,,,,
,,,,,,,,,,,,,,,,,
,,,,,,,,,,,,,,,,,
,,,,,,,,,,,,,,,,,
,,,,,,,,,,,,,,,,,
,,,,,,,,,,,,,,,,,
,,,,,,,,,,,,,,,,,
,,,,,,,,,,,,,,,,,
,,,,,,,,,,,,,,,,,
,,,,,,,,,,,,,,,,,
,,,,,,,,,,,,,,,,,
,,,,,,,,,,,,,,,,,
,,,,,,,,,,,,,,,,,
,,,,,,,,,,,,,,,,,
,,,,,,,,,,,,,,,,,
,,,,,,,,,,,,,,,,,
,,,,,,,,,,,,,,,,,
,,,,,,,,,,,,,,,,,
,,,,,,,,,,,,,,,,,
,,,,,,,,,,,,,,,,,
,,,,,,,,,,,,,,,,,
,,,,,,,,,,,,,,,,,
,,,,,,,,,,,,,,,,,
,,,,,,,,,,,,,,,,,
,,,,,,,,,,,,,,,,,
,,,,,,,,,,,,,,,,,
,,,,,,,,,,,,,,,,,
,,,,,,,,,,,,,,,,,
,,,,,,,,,,,,,,,,,
,,,,,,,,,,,,,,,,,
,,,,,,,,,,,,,,,,,
,,,,,,,,,,,,,,,,,
,,,,,,,,,,,,,,,,,
,,,,,,,,,,,,,,,,,
,,,,,,,,,,,,,,,,,
,,,,,,,,,,,,,,,,,
,,,,,,,,,,,,,,,,,
,,,,,,,,,,,,,,,,,
,,,,,,,,,,,,,,,,,
,,,,,,,,,,,,,,,,,
,,,,,,,,,,,,,,,,,
,,,,,,,,,,,,,,,,,
,,,,,,,,,,,,,,,,,
,,,,,,,,,,,,,,,,,
,,,,,,,,,,,,,,,,,
,,,,,,,,,,,,,,,,,
,,,,,,,,,,,,,,,,,
,,,,,,,,,,,,,,,,,
,,,,,,,,,,,,,,,,,
,,,,,,,,,,,,,,,,,
,,,,,,,,,,,,,,,,,
,,,,,,,,,,,,,,,,,
,,,,,,,,,,,,,,,,,
,,,,,,,,,,,,,,,,,
,,,,,,,,,,,,,,,,,
,,,,,,,,,,,,,,,,,
,,,,,,,,,,,,,,,,,
,,,,,,,,,,,,,,,,,
,,,,,,,,,,,,,,,,,
,,,,,,,,,,,,,,,,,
,,,,,,,,,,,,,,,,,
,,,,,,,,,,,,,,,,,
,,,,,,,,,,,,,,,,,
,,,,,,,,,,,,,,,,,
,,,,,,,,,,,,,,,,,
,,,,,,,,,,,,,,,,,
,,,,,,,,,,,,,,,,,
,,,,,,,,,,,,,,,,,
,,,,,,,,,,,,,,,,,
,,,,,,,,,,,,,,,,,
,,,,,,,,,,,,,,,,,
,,,,,,,,,,,,,,,,,
,,,,,,,,,,,,,,,,,
,,,,,,,,,,,,,,,,,
,,,,,,,,,,,,,,,,,
,,,,,,,,,,,,,,,,,
,,,,,,,,,,,,,,,,,
,,,,,,,,,,,,,,,,,
,,,,,,,,,,,,,,,,,
,,,,,,,,,,,,,,,,,
,,,,,,,,,,,,,,,,,
,,,,,,,,,,,,,,,,,
,,,,,,,,,,,,,,,,,
,,,,,,,,,,,,,,,,,
,,,,,,,,,,,,,,,,,
,,,,,,,,,,,,,,,,,
,,,,,,,,,,,,,,,,,
,,,,,,,,,,,,,,,,,
,,,,,,,,,,,,,,,,,
,,,,,,,,,,,,,,,,,
,,,,,,,,,,,,,,,,,
,,,,,,,,,,,,,,,,,
,,,,,,,,,,,,,,,,,
,,,,,,,,,,,,,,,,,
,,,,,,,,,,,,,,,,,
,,,,,,,,,,,,,,,,,
,,,,,,,,,,,,,,,,,
,,,,,,,,,,,,,,,,,
,,,,,,,,,,,,,,,,,
,,,,,,,,,,,,,,,,,
,,,,,,,,,,,,,,,,,
,,,,,,,,,,,,,,,,,
,,,,,,,,,,,,,,,,,
,,,,,,,,,,,,,,,,,
,,,,,,,,,,,,,,,,,
,,,,,,,,,,,,,,,,,
,,,,,,,,,,,,,,,,,
,,,,,,,,,,,,,,,,,
,,,,,,,,,,,,,,,,,
,,,,,,,,,,,,,,,,,
,,,,,,,,,,,,,,,,,
,,,,,,,,,,,,,,,,,
,,,,,,,,,,,,,,,,,
,,,,,,,,,,,,,,,,,
,,,,,,,,,,,,,,,,,
,,,,,,,,,,,,,,,,,
,,,,,,,,,,,,,,,,,
,,,,,,,,,,,,,,,,,
,,,,,,,,,,,,,,,,,
,,,,,,,,,,,,,,,,,
,,,,,,,,,,,,,,,,,
,,,,,,,,,,,,,,,,,
,,,,,,,,,,,,,,,,,
,,,,,,,,,,,,,,,,,
,,,,,,,,,,,,,,,,,
,,,,,,,,,,,,,,,,,
